Shadowrun Chronicles - Boston Lockdown,26574
RAW - Realms of Ancient War,7499
Penny Arcade's On the Rain-Slick Precipice of Darkness 3,6960
Okhlos: Omega,39398
On the Rain-Slick Precipice of Darkness, Episode Two,6961
Company of Heroes - Legacy Edition,1874
Mass Effect: Andromeda - Deluxe Edition,26802
Serious Sam Fusion 2017 (beta),44654
Warhammer 40,000: Dawn of War - Game of the Year Edition,11039
Crysis 2 Maximum Edition,2069
The Curious Expedition,25102
Wasteland 1 - The Original Classic,11098
Tomb Raider: Game of the Year Edition,10469
BIT.TRIP Presents... Runner2: Future Legend of Rhythm Alien,1084
Batman: Arkham Asylum GOTY Edition,14443
Divinity: Original Sin (Classic),17451
The Walking Dead: Season Two,15343